<Page xmlns="http://schemas.nativescript.org/tns.xsd" xmlns:widgets="utils/widgets" loaded="pageLoaded" id="seleccionScreen" cssClass="screen">
    <Page.actionBar>
        <widgets:action-bar /> 
    </Page.actionBar>

    <StackLayout verticalAlignment="middle" >
        <Label cssClass="label" text="¿Qué deseas hacer?" textWrap="true"  />
        <Label tipo="lineanueva" cssClass="btn1" text="Línea Nueva" textWrap="true" tap="goToProductos" />
        <Label tipo="renovacion" cssClass="btn2" text="Renovación" textWrap="true" tap="goToProductos" />
        <Label tipo="portabilidad" cssClass="btn3" text="Portabilidad" textWrap="true" tap="goToProductos" />
        <Label cssClass="btn4" text="Sólo chip" textWrap="true"  tap="goToPlanes" />
    </StackLayout>
</Page> 