{
  "type": "NativeScript",
  "views": [
    {
      "type": "NativeScript:view",
      "name": "homeView",
      "components": [],
      "title": "HomeView",
      "addToNavigation": true,
      "icon": "home"
    }
  ],
  "dataProviders": [
    {
      "type": "NativeScript:dataProvider",
      "name": "backendServices",
      "source": "everlive",
      "everliveKey": "c88qfetz5fi3zly7",
      "offlineStorage": true,
      "title": "Backend Services"
    }
  ],
  "name": "nativeScriptApp",
  "navigation": "listmenu",
  "transition": "none",
  "skin": "native"
}
